1,Robinson Rajiv,6787898767,Male,Trichy,rickmathews2@gmail.com,Active
2,vincy,9878675678,Vincy,Jone,ibots.robin@gmail.com,Active
3,tim_lee,6723456789,Tim,Lee,robin@gmail.com,Active
4,jane,6578987678,Jane,Ferro,robinson@gmail.com,Active
5,Santhosh,9878675645,Male,Sivaganga,santhoshcse@gmail.com,Active
6,Arjun,6787898787,Male,Kanyakumari,arjun@gmail.com,Active
7,Undertaker,6778987867,Male,Trichy,undertaker@gmail.com,Active
8,Goldberg,6787678987,Male,America,goldberg@gmail.com,Active
9,Rick Mathews,9878654345,Male,Trichy,robins@gmail.com,Active
10,Raja Lakshmi,8987675678,Female,Tirunelveli,lakshmi@gmail.com,Active
11,Parkavi,9867453456,Female,Chennai,parkavi@gmail.com,Active
12,Robins,6789789890,Male,Chennai,robinsed@gmail.com,Active
13,suresh,6567878987,Male,Chennai,suresh@gmail.com,Active
